,Siloff Soft 16 Дублирующий силикон (розовый),Siloff Medium 22 Дублирующий силикон (зелёный),Siloff Hаrd 32 Дублирующий силикон (голубой),Siloff Lab A85H Лабораторный А-силикон 5кг,Siloff Lab A85H Лабораторный А-силикон 1 кг,Siloff Gum 20 Super Elastic Десневая маска (суперэластичная),Siloff Gum 40M Десневая маска (мягкая),Siloff Gum 70Н Десневая маска (жёсткая),Siloff Transparent,Присадка для сплавов Siloff,Siloff Cast 40 А-силикон для снятия оттисков 1 кг,Siloff Cast 60 А-силикон для снятия оттисков 1 кг,Siloff Quick Key А-силикон,Siloff Gum 70Н Десневая маска (жёсткая) 150ml,Siloff Separator 100 мл. ,Siloff канюли смесительные,Siloff Corrective Layer А-силикон корригирующий слой red,Siloff Corrective Layer (Зеленый) А-силикон корригирующий слой 150мл,Пистолет-диспенсер 150ml
,,,,,,,,,,,,,,,,,,,
,,,,,,,,,,,,,,,,,,,
,,,,,,,,,,,,,,,,,,,
https://diamed.pro,https://diamed.pro/1c/nomenklatura/siloff/silikon-dubliruyuschiy-tverdost-16-po-shoru/?ysclid=m3zspkly2z598418503,https://diamed.pro/proizvoditeli/siloff/silikon-dubliruyuschiy-tverdost-22-po-shoru/,https://diamed.pro/1c/nomenklatura/siloff/siloff-hard-32-silikon-dubliruyuschiy-goluboy-11-kg/,https://diamed.pro/1c/nomenklatura/siloff/silikon-laboratornyy-5kg-katalizator-260ml-siloff/,https://diamed.pro/proizvoditeli/siloff/silikon-laboratornyy-silof-klass-a-0-5-0-5-kg-siloff-vederko/,https://diamed.pro/proizvoditeli/siloff/siloff-desnevaya-maska-siloff-super-myagkaya-20-po-shoru-up-2x50-ml-separator-20-nasadok/,https://diamed.pro/1c/nomenklatura/siloff/siloff-desnevaya-maska-siloff-myagkaya-up-2x50-ml-separator-20nasadok/,https://diamed.pro/1c/nomenklatura/siloff/siloff-desnevaya-maska-zhestkaya-70-po-shoru-rozovaya-2x50-ml-10-nasadok/,https://diamed.pro/1c/nomenklatura/siloff/siloff-transparent-a-silikon-1x50-ml-70n/,https://diamed.pro/1c/nomenklatura/siloff/prisadka-dlya-litya-50gr/,,,,,,,,,
https://axiomadent.ru,https://axiomadent.ru/products/siloff-light-16-silikon-dlya-dublirovaniya-1-kg-1-kg-21250,https://axiomadent.ru/products/siloff-medium-22-silikon-dlya-dublirovaniya-1-kg-1-kg-21249,https://axiomadent.ru/products/siloff-hard-32-silikon-dlya-dublirovaniya-1-kg-1-kg-21251,https://axiomadent.ru/products/siloff-silikon-laboratornyj-baza-2-5-kg-katalizator-2-5-kg-21254,https://axiomadent.ru/products/siloff-silikon-laboratornyj-baza-0-5-kg-katalizator-0-5-kg-25354,https://axiomadent.ru/products/siloff-super-elastic-desnevaya-maska-20s-super-myagkaya-2x50-ml-29704,https://axiomadent.ru/products/siloff-desnevaya-maska-40m-myagkaya-2x50-ml-21253,https://axiomadent.ru/products/siloff-desnevaya-maska-40m-myagkaya-2x50-ml-21253,https://axiomadent.ru/products/siloff-transparent-a-silikon-holodnoj-polimerizacii-cvet-prozrachnyj-50-ml-34501,https://axiomadent.ru/products/siloff-prisadka-dlya-splavov-50-g-29708,https://axiomadent.ru/products/siloff-cast-a40h-slepochnyj-a-silikon-dlya-snyatiya-ottiskov-cvet-zelenyj-baza-0-5-kg-katalizator-0-5-kg-29706,https://axiomadent.ru/products/siloff-cast-a60h-slepochnyj-a-silikon-dlya-snyatiya-ottiskov-cvet-sinij-baza-0-5-kg-katalizator-0-5-kg-29707,https://axiomadent.ru/products/siloff-quick-key-a-silikon-dlya-registracii-prikusa-40839,https://axiomadent.ru/products/siloff-gum-hard-desnevaya-maska-70n-zhestkaya-150-ml-45915?yclid=13809902829510590463,,,,,
https://el-dent.ru,https://el-dent.ru/id/silikon-dubl-siloff-16-soft-2h1kg.html,https://el-dent.ru/id/silikon-dubl-siloff-22-medium-2h1kg.html,https://el-dent.ru/id/silikon-dubl-siloff-32-hard-2h1kg.html,https://el-dent.ru/id/a-silikon-siloff-lab-a85n-baza-2-5kg-kat-or-25kg.html,https://el-dent.ru/id/a-silikon-siloff-lab-a85n-baza-0-5kg-kat-or-05kg.html,https://el-dent.ru/id/desnevaya-maska-siloff-gam-20-super-elastik-2x50ml-super-myagkaya-s-nasadkami.html,https://el-dent.ru/id/desnevaya-maska-siloff-gam-40n-2x50ml-myagkaya-s-nasadkami.html,https://el-dent.ru/id/desnevaya-maska-siloff-gam-70n-2x50ml-zhestkaya-s-nasadkami.html,https://el-dent.ru/id/a-silikon-siloff-transparent-70n.html,https://el-dent.ru/id/prisadka-dlya-splavov-siloff-50g.html,https://el-dent.ru/id/a-silikon-siloff-kast-a40n-baza-0-5kg-kat-or-05kg.html,https://el-dent.ru/id/a-silikon-siloff-kast-a60n-baza-0-5kg-kat-or-05kg.html,,,,,,,
https://stomatorg.ru,https://stomatorg.ru/product/silikon_dlya_dublirovaniya_modeley_siloff_soft_16_1_1_2_kh_1_kg_124426/235247/,https://stomatorg.ru/product/silikon_dlya_dublirovaniya_modeley_siloff_medium_22_1_1_2_kh_1_kg_120645/235349/,https://stomatorg.ru/product/silikon_dlya_dublirovaniya_modeley_siloff_hard_32_1_1_2_kh_1_kg_124427/235250/,https://stomatorg.ru/product/silikon_laboratornyy_siloff_baza_2_5_kg_katalizator_2_5_kg_124428/235252/,,,https://stomatorg.ru/product/desnevaya_maska_siloff_40m_myagkaya_2x50_ml_124430/235248/,https://stomatorg.ru/product/desnevaya_maska_siloff_70n_zhestkaya_2x50_ml_124429/235251/,,https://stomatorg.ru/product/prisadka_dlya_litya_siloff_silof_50_gr_124431/235249/,,,,,,,,,
Ozon,https://www.ozon.ru/product/silikon-dubliruyushchiy-siloff-soft-16-po-shoru-rozovyy-1834104695,https://www.ozon.ru/product/silikon-dubliruyushchiy-siloff-medium-22-po-shoru-zelenyy-1834104718/?at=nRtrZMOPVSznDQ0QCO5mVm2UMMPnELu8pwoD8IDNKzqZ,https://www.ozon.ru/product/silikon-dubliruyushchiy-siloff-hard-32-po-shoru-siniy-1834104913/,https://www.ozon.ru/product/laboratornyy-silikon-siloff-5-kg-85-po-shoru-2162412961/,https://www.ozon.ru/product/stomatologicheskiy-slepochnyy-material-siloff-siloff-cast-60h-1kg-baza-500g-aktivator-500g-a-silikon-1644450778/?_bctx=CAQQ-NAs&at=gpt4EJAMPfy17qY9fX89r2Oc0lQ8kxijKgA1mHmGrNmE&hs=1,https://www.ozon.ru/product/siloff-pistolet-dispenser-dlya-desnevoy-maski-siloff-gum-20-super-elastic-1630096788/?at=x6tP5rM7jcX9R4QNcpYAMMKSqO0Q4OSXrg5ROCgq49K5,https://www.ozon.ru/product/desnevaya-maska-siloff-gum-40m-myagkaya-1619238606/?at=RltyD7mMXsj6j7Zkt7Gm8pytMKJ4Evi4kzxKzUX5lGqo,https://www.ozon.ru/product/zubotehnicheskiy-cilikon-siloff-siloff-gum-dlya-sozdaniya-desnevoy-maski-na-modelyah-s-1198842632/?at=Eqtk8R9vjckNgRO6UDDEKkphGmQo2lsymJw0ZSXKVMGD,https://www.ozon.ru/product/prozrachnyy-zhidkiy-dvuhkompanentnyy-a-silikon-siloff-transparent-70n-1h50ml-1573887809/?at=VvtznOwW8hgEJDQOS8Ek4NMU01J4E0UEG8DyAuMAyZKO,https://www.ozon.ru/product/prisadka-dlya-litya-siloff-silof-50-gr-2099447851/?at=83tB5nv2gClMr7ERIg1vVG2U0ZjqAGU7BLP8vTLvlMzJ,,https://www.ozon.ru/product/siloff-cast-60-siloff-kast-a-silikon-500g-h-500g-1709085075,https://www.ozon.ru/product/stomatologicheskiy-meterial-registratsii-prikusa-silikon-siloff-siloff-quick-key-95-shor-1644452489/,https://www.ozon.ru/product/zubotehnicheskiy-cilikon-150-ml-siloff-siloff-gum-xxl-dlya-sozdaniya-desnevoy-maski-na-modelyah-s-2093263918,https://www.ozon.ru/product/zubotehnicheskiy-separator-dlya-desnevyh-masok-gingifast-gingiva-siloff-separator-100-ml-1644452735,,https://www.ozon.ru/product/siloff-corrective-layer-siloff-korrektiv-2x50-1835304862/?at=VvtznOwW8hmVYV7NhM9mGZ7CGnErPqcXzPj0ps2ky0A9,https://www.ozon.ru/product/korrigiruyushchiy-sloy-siloff-150-ml-56-po-shoru-2162406590/,https://www.ozon.ru/product/pistolet-dispenser-siloff-150-ml-zubotehnicheskiy-2162406613/
,https://www.ozon.ru/product/silikon-dlya-dublirovaniya-siloff-soft-16-rozovyy-1692003503/,https://www.ozon.ru/product/silikon-dlya-dublirovaniya-siloff-medium-22-zelenyy-zubotehnicheskiy-tverdost-po-shoru-22-1420701599/?at=pZtp0XMVZsv1PjrlTEgLAkzSEnYDKnIqRMYXOTwlZMDl,https://www.ozon.ru/product/silikon-dlya-dublirovaniya-siloff-hard-32-goluboy-1625190570,https://www.ozon.ru/product/zubotehnicheskiy-laboratornyy-silikon-siloff-siloff-lab-5kg-baza-2-5kg-aktivator-2-5kg-85-shor-1198839843/?at=QktJ1zA2LcxwnWvWFZLMnwvtMzvKwrSzxD99xukqYvMP,https://www.ozon.ru/product/laboratornyy-a-silikon-silofflab-a85h-1kg-dvuhkomponentnyy-1115238357,https://www.ozon.ru/product/siloff-gum-20-super-elastic-siloff-desnevaya-maska-20-1837504466/?at=r2t4RLVkOhj3V3RMU9BPBYGUGw0yzKT5OG3PEIK3EY01,,https://www.ozon.ru/product/desnevaya-maska-siloff-gum-70n-zhestkaya-1114921871/?at=QktJ1zA2LcQEWQBCPAGZj5U6NqNDWsWKX4YYSygZ2NE,https://www.ozon.ru/product/siloff-transparent-siloff-transparent-prozrachnyy-1h50ml-1699037861/?at=6WtZ6QOpJf13Xw4toEKJzqHW8lGnysYGV0N6UggZz5g,,,https://www.ozon.ru/search/?deny_category_prediction=true&from_global=true&text=Стоматологический+материал&product_id=2162413323,https://www.ozon.ru/product/siloff-quick-key-a-silikon-dlya-registratsii-prikusa-1625123109/,https://www.ozon.ru/product/desnevaya-maska-siloff-150ml-70-po-shoru-2162406767,https://www.ozon.ru/product/siloff-separator-siloff-separator-100-ml-1837504402,,https://www.ozon.ru/product/siloff-corrective-layer-a-silikon-korrigiruyushchiy-sloy-1868413496/?at=Z8tXqO4kYTwD2AxBi2DLK1wTwvl0lBS5Q0oB8CQzBpgQ,,https://www.ozon.ru/product/pistolet-dispenser-siloff-150-ml-zubotehnicheskiy-2162406613/
,https://www.ozon.ru/product/dubliruyushchiy-silikon-siloff-light-soft-16-po-shoru-1-kg-1-kg-siloff-layt-soft-16-1390020818,https://www.ozon.ru/product/silikon-dlya-dublirovaniya-siloff-medium-22-zelenyy-1kg-1kg-1115132981/?at=gpt41V0oJhoMZLyZHQg2AGWCl7XJrDFkMpg10FzzQBZv,,https://www.ozon.ru/product/laboratornyy-a-silikon-dvuhkomponentnyy-silofflab-a85h-5kg-1115260805/,,https://www.ozon.ru/product/desnevaya-maska-siloff-gum-20-superelastichnaya-1619249152/?at=PjtJ1yGjncv6wEAKIPO7QLVHGr4NNMFq3y6N0Uz4wYPx,,https://www.ozon.ru/product/siloff-gum-hard-70h-siloff-desnevaya-maska-zhestkaya-2h50ml-1698974491/?at=79tnX3p8YHRJJOJrSyNvz5vu0mADM8u0loWkxhZl08YY,,,,,,,,,,,
,,https://www.ozon.ru/product/dubliruyushchiy-silikon-siloff-medium-22-po-shoru-1-kg-1-kg-siloff-medium-22-1389917983/?at=LZtlDEjG2fGJPJ6rfrEAl5Mcrw1K7OCO07MJ5IQZ94K2,,,,,,https://www.ozon.ru/product/siloff-gum-70n-siloff-zhestkaya-desnevaya-maska-70-1837504504/?at=6WtZ6QOpJfL8223AiJpoXrKhK1nvP0I4G79mOtvZYlX5,,,,,,,,,,,
,,https://www.ozon.ru/product/zubotehnicheskiy-silikon-siloff-siloff-medium-dlya-dublirovaniya-modeley-1-1-po-shoru-22-zelenyy-1198823623/?at=Eqtk8R9vjcovr9m6sw8kMlxSVgYVzxSA2jzZ3u3mDX2l,,,,,,,,,,,,,,,,,
,,https://www.ozon.ru/product/dubliruyushchiy-silikon-siloff-2-kg-22-po-shoru-2162405991/,,,,,,,,,,,,,,,,,